CODE_VALUE|DEFAULT_LONG_NAME|DEFAULT_SHORT_NAME|LOCATION_TYPE_CODE|DATA_OWNER|GENERIC_LOCATION_CODE
999GN11|Madrid|Madrid|26|BNE|99T0016
999GN12|Valencia|Valencia|26|BNE|99T0017
999GN13|Sevilla|Sevilla|26|BNE|99T0018
999GN14|Malaga|Malaga|26|BNE|99T0019
101A001|TURKU|TURKU|26|FRR|10G0003
201A001|MOSCOU|MOSCOU|26|FRR|20G0001
201A002|SAINT PETERSBOURG|SAINT PETERSBOURG|26|FRR|20G0002
511A001|WALBRZYCH|WALBRZYCH|26|FRR|51G0007
511A002|GDANSK|GDANSK|26|FRR|51G0001
511A003|KUNOWICE|KUNOWICE|26|FRR|51G0003
511A005|WLOCLAWEK|WLOCLAWEK|26|FRR|51G0008
511A006|ZABRZE|ZABRZE|26|FRR|51G0010
511A007|ZAKOPANE|ZAKOPANE|26|FRR|51G0011
511A008|ZAMOSC|ZAMOSC|26|FRR|51G0012
511A009|ZARY|ZARY|26|FRR|51G0013
511A010|POZNAN|POZNAN|26|FRR|51G0014
521A001|SOFIA|SOFIA|26|FRR|52G0002
531A001|SUCEAVA|SUCEAVA|26|FRR|53G0002
531A002|PLOIESTI|PLOIESTI|26|FRR|53G0003
541A001|BRECLAV|BRECLAV|26|FRR|54G0001
541A002|CHOMUTOV|CHOMUTOV|26|FRR|54G0002
541A003|KARLOVY VARY|KARLOVY VARY|26|FRR|54G0004
541A004|KUNOVICE|KUNOVICE|26|FRR|54G0005
541A005|LIPOVA LAZNE|LIPOVA LAZNE|26|FRR|54G0006
541A006|MARIANSKE L|MARIANSKE L|26|FRR|54G0007
541A007|NYMBURK|NYMBURK|26|FRR|54G0008
541A008|OSTRAVA|OSTRAVA|26|FRR|54G0009
541A009|PRAGUE|PRAGUE|26|FRR|54G0012
541A010|USTI NAD LABEM|USTI NAD LABEM|26|FRR|54G0013
541A011|VALASSKE|VALASSKE|26|FRR|54G0014
541A012|ZATEC|ZATEC|26|FRR|54G0015
551A001|BUDAPEST|BUDAPEST|26|FRR|5510009
561A001|BRATISLAVA|BRATISLAVA|26|FRR|56G0001
701A001|DOUVRES DOVER|DOUVRES DOVER|26|FRR|70G0008
701A003|GATWICK|GATWICK|26|FRR|70G0012
701A004|ASHFORD|ASHFORD|26|FRR|70G0001
701A005|BIRMINGHAM|BIRMINGHAM|26|FRR|70G0003
701A006|BRISTOL|BRISTOL|26|FRR|70G0006
701A007|CARDIFF|CARDIFF|26|FRR|70G0007
701A008|EXETER|EXETER|26|FRR|70G0010
701A009|FOLKESTONE|FOLKESTONE|26|FRR|70G0011
701A010|GLASGOW|GLASGOW|26|FRR|70G0013
701A011|LONDRES|LONDRES|26|FRR|70G0015
701A012|NEWHAVEN|NEWHAVEN|26|FRR|70G0020
701A016|EBBSFLEET|EBBSFLEET|26|FRR|70G0009
701A017|WEYMOUTH|WEYMOUTH|26|FRR|70G0025
701A018|LIVERPOOL|LIVERPOOL|26|FRR|70G0028
701A019|CANTERBURY|CANTERBURY|26|FRR|70G0029
701A020|BIRMINGHAM AEROPORT|BIRMINGHAM AEROPORT|26|FRR|70G0030
711A001|FIGUERAS|FIGUERAS|26|FRR|71G0010
711A002|MANZANARES|MANZANARES|26|FRR|71G0017
711A003|ORENSE|ORENSE|26|FRR|71G0018
711A004|ALGESIRAS|ALGESIRAS|26|FRR|71G0001
711A005|BARCELONE|BARCELONE|26|FRR|71G0004
711A006|CANFRANC|CANFRANC|26|FRR|7174217
711A009|IRUN|IRUN|26|FRR|71G0012
711A010|MADRID|MADRID|26|FRR|71G0016
711A011|SEVILLE|SEVILLE|26|FRR|71G0026
711A012|TARRAGONA|TARRAGONA|26|FRR|71G0027
711A013|VALENCIA DE ALCANTAR|VALENCIA DE ALCANTAR|26|FRR|71G0030
711A014|ANTEQUERA|ANTEQUERA|26|FRR|71G0034
711A015|VALENCE VALENCIA|VALENCE VALENCIA|26|FRR|71G0035
711A016|GUADALAJARA|GUADALAJARA|26|FRR|71G0036
711A017|ST J COMPOSTELLE|ST J COMPOSTELLE|26|FRR|71G0037
711A018|BETANZOS-INFESTA|BETANZOS-INFESTA|26|FRR|71G0038
711A019|SEGOVIE/SEGOVIA|SEGOVIE/SEGOVIA|26|FRR|71G0039
711A020|VIGO|VIGO|26|FRR|71G0040
711A021|PUENTE GENIL|PUENTE GENIL|26|FRR|71G0041
741A001|VANERSBORGS|VANERSBORGS|26|FRR|74G0018
741A002|STOCKHOLM AEROPORT|STOCKHOLM AEROPORT|26|FRR|74G0020
761A001|OSLO|OSLO|26|FRR|76G0011
791A001|LJUTOMER|LJUTOMER|26|FRR|79G0001
801A001|FRANCFORT|FRANCFORT|26|FRR|80G0028
801A002|COLOGNE|COLOGNE|26|FRR|80G0017
801A003|MUNICH|MUNICH|26|FRR|80G0050
801A004|DUESSELDORF|DUESSELDORF|26|FRR|8008094
801A005|DUISBURG|DUISBURG|26|FRR|80G0024
801A006|ESSEN|ESSEN|26|FRR|80G0026
801A007|AIX LA CHAPELLE|AIX LA CHAPELLE|26|FRR|80G0005
801A008|BOCHUM|BOCHUM|26|FRR|80G0013
801A009|MANNHEIM|MANNHEIM|26|FRR|8014008
801A010|WUPPERTAL|WUPPERTAL|26|FRR|80G0074
801A011|DRESDE|DRESDE|26|FRR|80G0022
801A012|BERLIN|BERLIN|26|FRR|80G0010
801A013|BITBURG|BITBURG|26|FRR|80G0012
801A014|BREMERHAVEN|BREMERHAVEN|26|FRR|80G0015
801A015|BONN|BONN|26|FRR|80G0014
801A016|ASCHAFFENBURG|ASCHAFFENBURG|26|FRR|80G0006
801A017|AUGSBURG|AUGSBURG|26|FRR|80G0007
801A018|BIELEFELD|BIELEFELD|26|FRR|80G0011
801A019|DORTMUND|DORTMUND|26|FRR|80G0021
801A020|HILDESHEIM|HILDESHEIM|26|FRR|80G0037
801A021|KAISERSLAUTERN|KAISERSLAUTERN|26|FRR|80G0038
801A022|NUREMBERG|NUREMBERG|26|FRR|80G0054
801A023|OBERHAUSEN|OBERHAUSEN|26|FRR|80G0055
801A024|PASSAU|PASSAU|26|FRR|80G0057
801A025|REGENSBURG|REGENSBURG|26|FRR|80G0062
801A026|FREUDENSTADT|FREUDENSTADT|26|FRR|80G0029
801A027|HANOVRE|HANOVRE|26|FRR|80G0033
801A028|HAMBOURG|HAMBOURG|26|FRR|80G0032
801A029|HEIDELBERG|HEIDELBERG|26|FRR|80G0034
801A030|HERSBRUCK|HERSBRUCK|26|FRR|80G0036
801A031|KASSEL|KASSEL|26|FRR|80G0039
801A032|KEHL|KEHL|26|FRR|80G0040
801A033|KREFELD|KREFELD|26|FRR|80G0041
801A034|KARLSRUHE|KARLSRUHE|26|FRR|8014228
801A035|CONSTANCE|CONSTANCE|26|FRR|80G0020
801A036|LIMBURG|LIMBURG|26|FRR|80G0044
801A037|LUBECK|LUBECK|26|FRR|80G0045
801A038|LEVERKUSEN|LEVERKUSEN|26|FRR|8001093
801A039|MITTENWALD|MITTENWALD|26|FRR|80G0048
801A040|FRIBOURG EN BRISGAU|FRIBOURG EN BRISGAU|26|FRR|80G0030
801A041|PFRONTEN|PFRONTEN|26|FRR|80G0059
801A042|PFORZHEIM|PFORZHEIM|26|FRR|80G0058
801A043|PUTTGARDEN|PUTTGARDEN|26|FRR|80G0061
801A044|ULM|ULM|26|FRR|80G0070
801A045|WUERZBURG|WUERZBURG|26|FRR|80G0073
801A046|BAD REICHENHALL|BAD REICHENHALL|26|FRR|80G0008
801A047|REMSCHEID|REMSCHEID|26|FRR|80G0063
801A048|SALZGITTER|SALZGITTER|26|FRR|8033859
801A049|SOLINGEN|SOLINGEN|26|FRR|80G0066
801A050|SULZBACH ROSENBERG|SULZBACH ROSENBERG|26|FRR|80G0069
801A051|STUTTGART|STUTTGART|26|FRR|8029034
801A052|SCHWEINFURT|SCHWEINFURT|26|FRR|80G0065
801A053|WIESBADEN|WIESBADEN|26|FRR|80G0071
801A054|POTSDAM|POTSDAM|26|FRR|80G0060
801A055|LANDAU|LANDAU|26|FRR|80G0075
801A056|FRANCFORT AEROPORT|FRANCFORT AEROPORT|26|FRR|80G0076
801A057|BRAUNSCHWEIG|BRAUNSCHWEIG|26|FRR|80G0077
801A058|LAUCHRINGEN|LAUCHRINGEN|26|FRR|80G0078
811A001|VILLACH|VILLACH|26|FRR|8103654
811A002|EBENSEE|EBENSEE|26|FRR|81G0006
811A003|INNSBRUCK|INNSBRUCK|26|FRR|81G0007
811A004|VIENNE|VIENNE|26|FRR|81G0015
811A005|LINZ|LINZ|26|FRR|81G0017
811A006|ST POELTEN|ST POELTEN|26|FRR|81G0018
811A007|BREGENZ|BREGENZ|26|FRR|81G0019
821A001|BETTEMBOURG|BETTEMBOURG|26|FRR|82G0001
821A002|RODANGE|RODANGE|26|FRR|82G0003
821A003|LUXEMBOURG|LUXEMBOURG|26|FRR|82G0002
831A001|GENES|GENES|26|FRR|83G0018
831A002|REGGIO DI CALABRIA|REGGIO DI CALABRIA|26|FRR|83G0040
831A003|MILAN|MILAN|26|FRR|8399002
831A005|NAPLES|NAPLES|26|FRR|8399005
831A006|TURIN|TURIN|26|FRR|83G0049
831A007|FLORENCE|FLORENCE|26|FRR|83G0017
831A008|RIMINI|RIMINI|26|FRR|8313516
831A009|BOLOGNE|BOLOGNE|26|FRR|831A009
831A010|VENISE|VENISE|26|FRR|83G0052
831A011|VERONE|VERONE|26|FRR|83G0053
831A012|BRINDISI|BRINDISI|26|FRR|83G0009
831A013|SESTO|SESTO|26|FRR|83G0044
831A014|MESSINE|MESSINE|26|FRR|83G0028
831A015|LIMONE|LIMONE|26|FRR|83G0026
831A016|CHIASSO|CHIASSO|26|FRR|831A016
831A017|DOMODOSSOLA|DOMODOSSOLA|26|FRR|831A017
831A018|ROME AEROPORT|ROME AEROPORT|26|FRR|83G0058
831A019|RHO|RHO|26|FRR|83G0059
831A020|CATANZARO|CATANZARO|26|FRR|831A020
841A001|AMSTERDAM|AMSTERDAM|26|FRR|84G0001
841A002|LA HAYE|LA HAYE|26|FRR|84G0005
841A003|ROTTERDAM|ROTTERDAM|26|FRR|84G0006
841A004|AMSTERDAM AEROPORT SCHIPHOL|AMSTERDAM AEROPORT S|26|FRR|84G0002
841A005|UTRECHT|UTRECHT|26|FRR|84G0007
851A001|ZURICH|ZURICH|26|FRR|85G0037
851A002|LES VERRIERES|LES VERRIERES|26|FRR|8504211
851A003|LAUSANNE|LAUSANNE|26|FRR|85G0000
851A004|VALLORBE|VALLORBE|26|FRR|8501103
851A005|INTERLAKEN|INTERLAKEN|26|FRR|85G0027
851A006|VERNAYAZ CH|VERNAYAZ CH|26|FRR|85G0036
851A007|DAVOS|DAVOS|26|FRR|8509078
851A008|GRANGES|GRANGES|26|FRR|8504122
851A009|LES MARECOTTES CH|LES MARECOTTES CH|26|FRR|85G0030
851A011|MARTIGNY CH|MARTIGNY CH|26|FRR|85G0031
851A012|NEUCHATEL|NEUCHATEL|26|FRR|85G0032
851A013|THOUNE THUN|THOUNE THUN|26|FRR|851A013
851A014|KLOSTERS|KLOSTERS|26|FRR|85G0029
851A016|BRIG|BRIG|26|FRR|8501609
851A018|FLIMS|FLIMS|26|FRR|85G0038
851A020|RUETI|RUETI|26|FRR|8506203
851A021|ALPNACHSTAD|ALPNACHSTAD|26|FRR|8582458
871A001|PARIS|PARIS|26|FRR|8775890
871A002|TROYES|TROYES|26|FRR|87G0509
871A003|LYON|LYON|26|FRR|8724853
871A004|ORLY|ORLY|26|FRR|87G0346
871A005|CALAIS CENTRE|CALAIS CENTRE|26|FRR|87G0072
871A006|MASSY|MASSY|26|FRR|87G0297
871A007|ST ETIENNE|ST ETIENNE|26|FRR|87G0434
871A008|NICE|NICE|26|FRR|87G0336
871A009|LANGRES|LANGRES|26|FRR|87G0230
871A010|ROMILLY|ROMILLY|26|FRR|87G0388
871A011|ST DIZIER|ST DIZIER|26|FRR|87G0432
871A012|GENEVE|GENEVE|26|FRR|87G0182
871A014|AVIGNON|AVIGNON|26|FRR|8724850
871A015|LILLE|LILLE|26|FRR|87G0270
871A018|VALENCE|VALENCE|26|FRR|8776100
871A019|BOULOGNE SUR MER|BOULOGNE SUR MER|26|FRR|87G0056
871A021|DECAZEVILLE|DECAZEVILLE|26|FRR|87G0144
871A022|VERSAILLES|VERSAILLES|26|FRR|871A022
871A023|BORDEAUX|BORDEAUX|26|FRR|87G0052
871A024|ROISSY|ROISSY|26|FRR|8711603
871A027|MARSEILLE|MARSEILLE|26|FRR|87G0293
871A028|MARNE LA VALLEE|MARNE LA VALLEE|26|FRR|87G0291
871A029|NOGENT SUR SEINE|NOGENT SUR SEINE|26|FRR|87G0339
871A030|ORLEANS|ORLEANS|26|FRR|87G0345
871A031|PONT SUR SEINE|PONT SUR SEINE|26|FRR|87G0361
871A032|CHATEAU RENAULT|CHATEAU RENAULT|26|FRR|87G0103
871A033|CARIGNAN|CARIGNAN|26|FRR|87G0082
871A034|CERGY|CERGY|26|FRR|87G0086
871A035|BAR SUR AUBE|BAR SUR AUBE|26|FRR|87G0025
871A037|ST DENIS|ST DENIS|26|FRR|87G0431
871A038|TOURS|TOURS|26|FRR|87G0507
871A040|CHAVILLE|CHAVILLE|26|FRR|87G0109
871A041|VITRY LE FRANCOIS|VITRY LE FRANCOIS|26|FRR|87G0533
871A042|VILLENEUVE ST GEORGES|VILLENEUVE ST GEORGE|26|FRR|87G0526
871A043|HENDAYE|HENDAYE|26|FRR|87G0194
871A044|BALE|BALE|26|FRR|87G0023
871A047|MENTON|MENTON|26|FRR|87G0302
871A049|VIEVOLA|VIEVOLA|26|FRR|87G0520
871A051|ST SEVER 14|ST SEVER 14|26|FRR|87G0486
871A052|VIRE|VIRE|26|FRR|87G0530
871A053|MARANS|MARANS|26|FRR|87G0286
871A054|PONTRIEUX|PONTRIEUX|26|FRR|87G0362
871A056|CONCARNEAU|CONCARNEAU|26|FRR|87G0123
871A057|COLOMIERS|COLOMIERS|26|FRR|87G0122
871A058|LABEGE|LABEGE|26|FRR|87G0224
871A059|LUNEL|LUNEL|26|FRR|87G0279
871A060|ACHERES|ACHERES|26|FRR|8738165
871A061|PONT ROUSSEAU|PONT ROUSSEAU|26|FRR|87G0360
871A063|REIMS|REIMS|26|FRR|87G0378
871A064|LOUVERNE|LOUVERNE|26|FRR|87G0277
871A065|MAYENNE|MAYENNE|26|FRR|87G0300
871A066|ARNAGE|ARNAGE|26|FRR|87G0012
871A068|ST PIERRE QUIBERON|ST PIERRE QUIBERON|26|FRR|87G0480
871A069|FORBACH|FORBACH|26|FRR|87G0173
871A070|SARREGUEMINES|SARREGUEMINES|26|FRR|87G0403
871A071|NOMAIN|NOMAIN|26|FRR|87G0342
871A072|CROIX|CROIX|26|FRR|87G0137
871A074|JEUMONT|JEUMONT|26|FRR|87G0202
871A075|BELLEGARDE|BELLEGARDE|26|FRR|87G0035
871A077|MERTZWILLER|MERTZWILLER|26|FRR|87G0303
871A078|ST LOUIS|ST LOUIS|26|FRR|87G0464
871A079|THANN|THANN|26|FRR|87G0499
871A080|EU|EU|26|FRR|87G0161
871A081|HARFLEUR|HARFLEUR|26|FRR|87G0192
871A086|VIROFLAY|VIROFLAY|26|FRR|87G0531
871A087|SEVRES|SEVRES|26|FRR|87G0413
871A088|ANGERS|ANGERS|26|FRR|87G0009
871A090|CANNES|CANNES|26|FRR|87G0077
871A091|CALVI|CALVI|26|FRR|87G0073
871A092|COLMAR|COLMAR|26|FRR|87G0121
871A094|DIJON|DIJON|26|FRR|87G0148
871A095|DOLE|DOLE|26|FRR|87G0151
871A096|DIEPPE|DIEPPE|26|FRR|87G0146
871A097|DOURDAN|DOURDAN|26|FRR|87G0154
871A100|SOULAC SUR MER|SOULAC SUR MER|26|FRR|87G0415
871A102|HOMBOURG|HOMBOURG|26|FRR|87G0196
871A103|CHARTRES|CHARTRES|26|FRR|8739400
871A104|NEUVY SAUTOUR|NEUVY SAUTOUR|26|FRR|87G0334
871A105|NANTERRE|NANTERRE|26|FRR|8738631
871A106|ISSY|ISSY|26|FRR|87G0201
871A107|EVRY|EVRY|26|FRR|87G0164
871A108|JOUE LES TOURS|JOUE LES TOURS|26|FRR|87G0203
871A110|LAROCHE|LAROCHE|26|FRR|87G0234
871A111|ALBI|ALBI|26|FRR|87G0006
871A113|LA BAULE|LA BAULE|26|FRR|87G0208
871A114|LE HAVRE|LE HAVRE|26|FRR|87G0243
871A116|GEX|GEX|26|FRR|87G0183
871A117|LIMOGES|LIMOGES|26|FRR|87G0272
871A118|LE MANS|LE MANS|26|FRR|87G0246
871A123|LAVAL|LAVAL|26|FRR|87G0237
871A124|MEYMAC|MEYMAC|26|FRR|87G0308
871A126|MARGAUX|MARGAUX|26|FRR|87G0288
871A127|MULHOUSE|MULHOUSE|26|FRR|87G0326
871A128|MOIRANS|MOIRANS|26|FRR|87G0310
871A129|MARGUT|MARGUT|26|FRR|87G0289
871A131|MASSERET|MASSERET|26|FRR|87G0296
871A132|MONT SUR MEURTHE|MONT SUR MEURTHE|26|FRR|87G0312
871A133|METZ|METZ|26|FRR|87G0307
871A136|FERNEY|FERNEY|26|FRR|87G0167
871A137|NEVERS|NEVERS|26|FRR|87G0335
871A138|NOGENT SUR LOIR|NOGENT SUR LOIR|26|FRR|87G0338
871A140|FRONVILLE|FRONVILLE|26|FRR|87G0179
871A142|HOULGATE|HOULGATE|26|FRR|87G0197
871A144|PERIGUEUX|PERIGUEUX|26|FRR|87G0354
871A145|APACH|APACH|26|FRR|87G0011
871A146|PORT BOU FRANCE|PORT BOU FRANCE|26|FRR|87G0363
871A147|PORT ST PERE ST MARS|PORT ST PERE ST MARS|26|FRR|87G0365
871A148|POITIERS|POITIERS|26|FRR|8757500
871A150|PAU|PAU|26|FRR|87G0352
871A151|LE PUY|LE PUY|26|FRR|87G0251
871A152|CAPVERN|CAPVERN|26|FRR|87G0080
871A153|PAREMPUYRE|PAREMPUYRE|26|FRR|87G0351
871A155|BESANCON|BESANCON|26|FRR|87G0040
871A157|BARBEREY|BARBEREY|26|FRR|87G0026
871A160|CRANCEY|CRANCEY|26|FRR|87G0133
871A161|ERMONT|ERMONT|26|FRR|8727605
871A162|DREUX|DREUX|26|FRR|87G0155
871A163|VILLIERS LE SEC|VILLIERS LE SEC|26|FRR|87G0529
871A164|LES MOUTIERS EN RETZ|LES MOUTIERS EN RETZ|26|FRR|87G0261
871A165|CERIZAY|CERIZAY|26|FRR|87G0087
871A166|ST ANDRE|ST ANDRE|26|FRR|87G0421
871A167|ST AMAND|ST AMAND|26|FRR|87G0417
871A168|SEDAN|SEDAN|26|FRR|87G0409
871A171|ST LEONARD DE NOBLAT|ST LEONARD DE NOBLAT|26|FRR|87G0462
871A172|SERRES|SERRES|26|FRR|87G0410
871A173|ST VALERY|ST VALERY|26|FRR|87G0488
871A174|STRASBOURG|STRASBOURG|26|FRR|87G0496
871A175|BITCHE|BITCHE|26|FRR|87G0045
871A177|LATOUR DE CAROL ENVEITG|LATOUR DE CAROL ENVE|26|FRR|87G0235
871A180|THOIRY|THOIRY|26|FRR|87G0500
871A181|TOULOUSE|TOULOUSE|26|FRR|87G0504
871A182|NANTES|NANTES|26|FRR|87G0329
871A183|TRAPPES|TRAPPES|26|FRR|87G0508
871A184|PIERRE BUFFIERE|PIERRE BUFFIERE|26|FRR|87G0356
871A185|GUDMONT|GUDMONT|26|FRR|87G0188
871A186|URT|URT|26|FRR|87G0512
871A187|EURVILLE|EURVILLE|26|FRR|87G0162
871A188|UZERCHE|UZERCHE|26|FRR|87G0514
871A189|LE VERDON|LE VERDON|26|FRR|87G0253
871A191|BLONVILLE|BLONVILLE|26|FRR|87G0047
871A192|VILLEDIEU LES POELES|VILLEDIEU LES POELES|26|FRR|87G0522
871A193|VILLERS|VILLERS|26|FRR|87G0527
871A194|VIGNORY|VIGNORY|26|FRR|87G0521
871A195|VIERZON|VIERZON|26|FRR|87G0519
871A196|VITRY LA VILLE|VITRY LA VILLE|26|FRR|87G0532
871A198|CAGNES SUR MER|CAGNES SUR MER|26|FRR|87G0071
871A199|DAX|DAX|26|FRR|87G0142
871A200|SAUMUR|SAUMUR|26|FRR|87G0406
871A201|TOURCOING|TOURCOING|26|FRR|87G0506
871A202|VENDOME|VENDOME|26|FRR|87G0515
871A203|LA DEFENSE|LA DEFENSE|26|FRR|8775801
871A205|ZORNHOFF|ZORNHOFF|26|FRR|87G0537
871A206|MONTIERCHAUME|MONTIERCHAUME|26|FRR|87G0320
871A212|WISSEMBOURG|WISSEMBOURG|26|FRR|87G0536
871A219|CLERMONT-FERRAND|CLERMONT-FERRAND|26|FRR|87G0118
871A222|LA ROCHELLE|LA ROCHELLE|26|FRR|87G0221
871A227|RENNES|RENNES|26|FRR|87G0382
871A228|TOULON|TOULON|26|FRR|87G0503
871A229|CHALON SUR SAONE|CHALON SUR SAONE|26|FRR|87G0090
871A300|SARREBRUCK|SARREBRUCK|26|FRR|87G0402
871A301|FREBECOURT|FREBECOURT|26|FRR|87G0538
871A302|NEUFCHATEAU|NEUFCHATEAU|26|FRR|87G0539
871A303|TOUL|TOUL|26|FRR|87G0540
871A304|VAUCOULEURS|VAUCOULEURS|26|FRR|87G0541
871A306|DOMMARTIN|DOMMARTIN|26|FRR|87G0542
871A307|LA BRESSE|LA BRESSE|26|FRR|87G0543
871A308|REMIREMONT|REMIREMONT|26|FRR|87G0544
871A309|SAULXURES|SAULXURES|26|FRR|87G0545
871A311|HIELLE|HIELLE|26|FRR|8727607
871A313|MORHANGE|MORHANGE|26|FRR|87G0546
871A316|BRUYERES|BRUYERES|26|FRR|87G0547
871A324|MONTARGIS|MONTARGIS|26|FRR|87G0548
871A325|TULLE|TULLE|26|FRR|87G0549
871A327|MONDOUBLEAU|MONDOUBLEAU|26|FRR|87G0550
871A332|GOSSELMING|GOSSELMING|26|FRR|87G0551
871A333|LA MOTTE|LA MOTTE|26|FRR|87G0552
871A334|CHAMBOURG|CHAMBOURG|26|FRR|87G0553
871A335|QUINTIN|QUINTIN|26|FRR|87G0554
871A337|CHATILLON SUR SEINE|CHATILLON SUR SEINE|26|FRR|8768130
871A338|ST SAUVE|ST SAUVE|26|FRR|87G0555
871A343|REIGNAC|REIGNAC|26|FRR|87G0556
871A345|MANTES LA JOLIE|MANTES LA JOLIE|26|FRR|8738150
871A349|CONDAT|CONDAT|26|FRR|87G0557
871A351|DARSAC|DARSAC|26|FRR|87G0558
871A352|ANCIZES|ANCIZES|26|FRR|87G0559
871A355|BOURGES|BOURGES|26|FRR|87G0560
871A356|THIERS|THIERS|26|FRR|87G0561
871A357|RUFFEC|RUFFEC|26|FRR|87G0562
871A358|LAUTERBOURG (LO)|LAUTERBOURG (LO)|26|FRR|87G0563
871A359|BOIS DOINGT|BOIS DOINGT|26|FRR|87G0564
871A364|MONTDIDIER|MONTDIDIER|26|FRR|87G0565
871A365|ROUEN|ROUEN|26|FRR|87G0566
871A367|CARCASSONNE|CARCASSONNE|26|FRR|87G0567
871A370|GRENOBLE|GRENOBLE|26|FRR|87G0568
871A371|ROMORANTIN|ROMORANTIN|26|FRR|87G0569
871A373|REVEL|REVEL|26|FRR|87G0570
871A376|RODEZ|RODEZ|26|FRR|87G0571
871A379|MONTASTRUC|MONTASTRUC|26|FRR|87G0572
871A380|CARMAUX|CARMAUX|26|FRR|87G0573
871A381|TANUS|TANUS|26|FRR|87G0574
871A382|MONNAIE|MONNAIE|26|FRR|87G0575
871A384|BLESME|BLESME|26|FRR|87G0576
871A385|STE CHRISTIE|STE CHRISTIE|26|FRR|87G0577
871A386|GUNDERSHOFFEN|GUNDERSHOFFEN|26|FRR|87G0578
871A387|FARSCHVILLER|FARSCHVILLER|26|FRR|87G0579
871A388|COCHEREN|COCHEREN|26|FRR|87G0580
871A389|FAREBERSVILLER|FAREBERSVILLER|26|FRR|87G0581
871A390|METZERVISSE|METZERVISSE|26|FRR|87G0582
871A391|SARREWERDEN|SARREWERDEN|26|FRR|87G0583
871A392|SCHOPPERTEN|SCHOPPERTEN|26|FRR|87G0584
871A393|KESKASTEL|KESKASTEL|26|FRR|87G0585
871A394|SARRALTROFF|SARRALTROFF|26|FRR|87G0586
871A395|FENETRANGE|FENETRANGE|26|FRR|87G0587
871A396|ENCHENBERG|ENCHENBERG|26|FRR|87G0588
871A399|BENESTROFF|BENESTROFF|26|FRR|87G0589
871A400|SARREBOURG|SARREBOURG|26|FRR|87G0590
871A401|SARRE UNION|SARRE UNION|26|FRR|871A401
871A404|CLOYES|CLOYES|26|FRR|87G0591
871A407|MEURSAULT|MEURSAULT|26|FRR|87G0592
871A408|ALBAS|ALBAS|26|FRR|87G0593
871A409|DRACY ST LOUP|DRACY ST LOUP|26|FRR|87G0594
871A412|ALBA|ALBA|26|FRR|871A412
871A413|COULOMMIERS|COULOMMIERS|26|FRR|87G0595
871A414|ISSOIRE|ISSOIRE|26|FRR|87G0596
871A416|VOUGEOT|VOUGEOT|26|FRR|87G0597
871A418|LABASTIDE|LABASTIDE|26|FRR|87G0598
871A420|ARZVILLER|ARZVILLER|26|FRR|87G0599
871A422|UZEL|UZEL|26|FRR|87G0600
871A425|ALBIAS|ALBIAS|26|FRR|87G0601
871A427|AMIENS|AMIENS|26|FRR|87G0602
871A428|MIRANDE|MIRANDE|26|FRR|87G0603
871A430|TOURNON|TOURNON|26|FRR|87G0604
871A431|SALECHAN|SALECHAN|26|FRR|87G0605
871A432|ST SEBASTIEN|ST SEBASTIEN|26|FRR|87G0606
871A438|BERTREN|BERTREN|26|FRR|87G0607
871A442|RIOM|RIOM|26|FRR|87G0608
871A445|AUBIET|AUBIET|26|FRR|87G0609
871A446|AUBIN|AUBIN|26|FRR|87G0610
871A447|EBERSVILLER|EBERSVILLER|26|FRR|87G0611
871A449|VILLETTE|VILLETTE|26|FRR|87G0612
871A450|BIARRITZ|BIARRITZ|26|FRR|87G0613
871A452|MORLAIX|MORLAIX|26|FRR|87G0614
871A454|CONFLANS|CONFLANS|26|FRR|87G0615
871A455|PONTGIBAUD|PONTGIBAUD|26|FRR|87G0616
871A456|TERNAY|TERNAY|26|FRR|87G0617
871A458|BOLOGNE|BOLOGNE|26|FRR|83G0007
871A459|CASTRES|CASTRES|26|FRR|87G0618
871A460|VARILHES|VARILHES|26|FRR|87G0619
871A461|ST JEAN DE VERGES|ST JEAN DE VERGES|26|FRR|87G0620
871A462|ALLEGRE|ALLEGRE|26|FRR|87G0621
871A463|TARASCON SUR ARIEGE|TARASCON SUR ARIEGE|26|FRR|87G0622
871A467|PAMIERS|PAMIERS|26|FRR|87G0623
871A468|LA CHAISE DIEU|LA CHAISE DIEU|26|FRR|87G0624
871A469|LE BREUIL SUR COUZE|LE BREUIL SUR COUZE|26|FRR|87G0625
871A470|VATIMONT|VATIMONT|26|FRR|87G0626
871A471|AMBERT|AMBERT|26|FRR|87G0627
871A472|ST FLORENT SUR CHER|ST FLORENT SUR CHER|26|FRR|87G0628
871A474|VILLEFRANCHE LAURAGAIS|VILLEFRANCHE LAURAGA|26|FRR|87G0629
871A476|PONT DU CHATEAU|PONT DU CHATEAU|26|FRR|87G0630
871A477|PONTMORT|PONTMORT|26|FRR|87G0631
871A479|LYON AEROPORT|LYON AEROPORT|26|FRR|87G0632
871A480|PONS|PONS|26|FRR|87G0633
871A482|JUVISY|JUVISY|26|FRR|8754524
871A483|JONZAC|JONZAC|26|FRR|87G0634
871A485|ROSCOFF (LO)|ROSCOFF (LO)|26|FRR|87G0635
871A489|PORTET ST SIMON|PORTET ST SIMON|26|FRR|87G0636
871A490|PINS JUSTARET|PINS JUSTARET|26|FRR|87G0637
871A491|STE FLORINE|STE FLORINE|26|FRR|87G0638
871A493|ST PAUL|ST PAUL|26|FRR|87G0639
871A494|AUBENAS|AUBENAS|26|FRR|87G0640
871A495|LE MERLERAULT|LE MERLERAULT|26|FRR|87G0641
871A496|AUBE|AUBE|26|FRR|87G0642
871A497|ECOUCHE (LO)|ECOUCHE (LO)|26|FRR|87G0643
871A499|CORMERY|CORMERY|26|FRR|87G0644
871A500|PONTIVY|PONTIVY|26|FRR|87G0645
871A505|BAZIEGE|BAZIEGE|26|FRR|87G0646
871A506|BAYARD|BAYARD|26|FRR|87G0647
871A507|LOURES|LOURES|26|FRR|87G0648
871A508|REHON|REHON|26|FRR|87G0649
871A510|LEXY|LEXY|26|FRR|87G0650
871A512|AUDUN LE ROMAN|AUDUN LE ROMAN|26|FRR|87G0651
871A513|MIRECOURT|MIRECOURT|26|FRR|87G0652
871A514|DISTROFF|DISTROFF|26|FRR|87G0653
871A515|CREUTZWALD|CREUTZWALD|26|FRR|871A515
871A516|BOUZONVILLE|BOUZONVILLE|26|FRR|87G0654
871A518|REICHSHOFFEN|REICHSHOFFEN|26|FRR|87G0655
871A519|ANZELING|ANZELING|26|FRR|87G0656
871A521|LONGWY|LONGWY|26|FRR|871A521
871A522|KUNTZIG|KUNTZIG|26|FRR|87G0657
871A523|KEDANGE|KEDANGE|26|FRR|87G0658
871A524|LES CABANNES|LES CABANNES|26|FRR|87G0659
871A525|MARVILLE|MARVILLE|26|FRR|87G0660
871A526|MATTAINCOURT|MATTAINCOURT|26|FRR|87G0661
871A529|ST MAURICE|ST MAURICE|26|FRR|87G0662
871A531|BEAUPUY|BEAUPUY|26|FRR|87G0663
871A534|FOIX|FOIX|26|FRR|87G0664
871A538|MONTLUCON|MONTLUCON|26|FRR|87G0665
871A540|LA FERTE GAUCHER|LA FERTE GAUCHER|26|FRR|87G0666
871A541|MUNSTER|MUNSTER|26|FRR|87G0667
871A542|ELOY|ELOY|26|FRR|87G0668
871A544|PAULHAGUET|PAULHAGUET|26|FRR|87G0669
871A547|USSEL|USSEL|26|FRR|87G0670
871A548|AUBUSSON|AUBUSSON|26|FRR|87G0671
871A549|ST YORRE|ST YORRE|26|FRR|87G0672
871A554|LUNEVILLE|LUNEVILLE|26|FRR|87G0673
871A555|LAVILLEDIEU|LAVILLEDIEU|26|FRR|87G0674
871A556|GRIESBACH|GRIESBACH|26|FRR|871A556
871A558|ASSIER|ASSIER|26|FRR|87G0675
871A559|BELFORT/MONTBELIARD|BELFORT/MONTBELIARD|26|FRR|87G0676
871A561|MAURIAC|MAURIAC|26|FRR|87G0677
881A001|BRUXELLES|BRUXELLES|26|FRR|88G0002
881A004|QUEVY|QUEVY|26|FRR|88G0004
881A005|LIEGE|LIEGE|26|FRR|88G0003
941A001|LISBONNE|LISBONNE|26|FRR|94G0002
941A002|SETUBAL|SETUBAL|26|FRR|94G0003
1083288|HELSINKI(FI)|HELSINKI(FI)|26|NVS|1083288
2050216|CHITA-|CHITA-|26|NVS|2050216
2059816|MICHURINSK-|MICHURINSK-|26|NVS|2059816
2094150|ST PETERSBURG|ST PETERSBURG|26|NVS|2094150
2096001|MOSKVA|MOSKVA|26|NVS|2019604
2096004|ALEKSANDROV-|ALEKSANDROV-|26|NVS|2096004
2096027|NOVOSIBIRSK-|NOVOSIBIRSK-|26|NVS|2096027
2099016|KRASNODAR-|KRASNODAR-|26|NVS|2099016
2196004|MINSK(BY)|MINSK(BY)|26|NVS|2196004
2236328|KIEV|KIEV|26|NVS|2236328
2244328|ODESSA|ODESSA|26|NVS|2244328
2275816|POLTAVA-|POLTAVA-|26|NVS|2275816
2284696|ZAPOROJE-|ZAPOROJE-|26|NVS|2284696
2296013|HARKOV-|HARKOV-|26|NVS|2296013
5132035|KRAKOW|KRAKOW|26|NVS|5132035
5138632|GDYNIA|GDYNIA|26|NVS|5118810
5162632|SZCZECIN|SZCZECIN|26|NVS|5162632
5196002|POZNAN|POZNAN|26|NVS|51G0014
5196003|WARSZAWA|WARSZAWA|26|NVS|51G0104
5196005|CZESTOCHOWA-|CZESTOCHOWA-|26|NVS|51G0105
5196007|GDANSK|GDANSK|26|NVS|51G0001
5196008|OLSZTYN|OLSZTYN|26|NVS|51G0106
5196010|LODZ|LODZ|26|NVS|51G0107
5196011|OLESNICA|OLESNICA|26|NVS|5196011
5196012|LOWICZ|LOWICZ|26|NVS|5196012
5396001|BUCURESTI|BUCURESTI|26|NVS|5396001
5396002|PLOIESTI|PLOIESTI|26|NVS|53G0003
5423042|PRAHA|PRAHA|26|NVS|5423042
5496002|OSTRAVA-|OSTRAVA-|26|NVS|54G0009
5496012|PLZEN|PLZEN|26|NVS|5496012
5596047|BALATONMARIAFÜRDO-|BALATONMARIAFÜRDO-|26|NVS|5596047
5596496|BUDAPEST|BUDAPEST|26|NVS|5510009
5696001|BRATISLAVA|BRATISLAVA|26|NVS|56G0001
6096001|DUBLIN|DUBLIN|26|NVS|6096001
7096001|LONDON|LONDON|26|NVS|7010720
7468283|Södertälje Syd|Södertälje Syd|26|NVS|7468283
7496000|STOCKHOLM|STOCKHOLM|26|NVS|74G0111
7496019|ARLANDA|ARLANDA|26|NVS|7496019
7596001|ISTANBUL|ISTANBUL|26|NVS|7599001
7696001|OSLO (N)|OSLO (N)|26|NVS|7696001
7896001|ZAGREB|ZAGREB|26|NVS|7896001
8000281|Frankfurt(M)Flugh.|Frankfurt(M)Flugh.|26|NVS|8002745
8021566|HAMBURG|HAMBURG|26|NVS|8002710
8025977|LAUF(PEGNITZ)|LAUF(PEGNITZ)|26|NVS|8002708
8028807|ELSTERWERDA-|ELSTERWERDA-|26|NVS|80G0134
8033977|SCHWAIG(B NÜRNBERG)|SCHWAIG(B NÜRNBERG)|26|NVS|8002713
8036970|HELGOLAND|HELGOLAND|26|NVS|8002780
8039768|GROß GERAU-|GROß GERAU-|26|NVS|80G0047
8045928|DÜSSELDORF FLUGHAFEN|DÜSSELDORF FLUGHAFE|26|NVS|80G0133
8073847|HANNOVER MESSE|HANNOVER MESSE|26|NVS|8002760
8075942|BERLIN|BERLIN|26|NVS|8062648
8078150|SALZGITTER|SALZGITTER|26|NVS|8033859
8086150|PÖßNECK|PÖßNECK|26|NVS|80G0051
8089221|Bad Orb Busbf|Bad Orb Busbf|26|NVS|8089221
8094242|DELITZSCH|DELITZSCH|26|NVS|8082893
8096004|JENA|JENA|26|NVS|8036672
8096005|PLAUEN|PLAUEN|26|NVS|80G0124
8096020|ESCHWEILER|ESCHWEILER|26|NVS|8085199
8096021|FRANKFURT(MAIN)|FRANKFURT(MAIN)|26|NVS|8002705
8096022|KÖLN|KÖLN|26|NVS|8002775
8096023|KASSEL|KASSEL|26|NVS|8002748
8096025|NÜRNBERG|NÜRNBERG|26|NVS|8022198
8096030|Berlin Flughafen Teg|Berlin Flughafen Teg|26|NVS|8022984
8096807|HIDDENSEE|HIDDENSEE|26|NVS|8004733
8097177|HERSBRUCK(PEGNITZ)|HERSBRUCK(PEGNITZ)|26|NVS|8002712
8196001|WIEN|WIEN|26|NVS|8108000
8196004|WIEN HANDELSKAI|WIEN HANDELSKAI|26|NVS|81G0031
8196028|GRAZ DON BOSCO|GRAZ DON BOSCO|26|NVS|8196028
8324035|GENOVA|GENOVA|26|NVS|8324035
8340035|NAPOLI|NAPOLI|26|NVS|8340035
8369198|TORINO|TORINO|26|NVS|8369198
8395235|FIRENZE|FIRENZE|26|NVS|8395235
8396004|ROMA|ROMA|26|NVS|83G0308
8396005|MILANO|MILANO|26|NVS|8399002
8396008|VENEZIA|VENEZIA|26|NVS|83G0309
8496002|DEN HAAG|DEN HAAG|26|NVS|8496002
8530304|CRANS-SUR-SIERRE|CRANS-SUR-SIERRE|26|NVS|8501541
8596001|BASEL|BASEL|26|NVS|85G2199
8596004|GRENCHEN|GRENCHEN|26|NVS|85G2200
8596005|MONTANA|MONTANA|26|NVS|8596005
8596009|ZÜRICH|ZÜRICH|26|NVS|8595073
8596039|BASEL FLUGHAFEN|BASEL FLUGHAFEN|26|NVS|8595213
8697062|KOEBENHAVN|KOEBENHAVN|26|NVS|8697062
8770833|LYON|LYON|26|NVS|8724853
8786753|PARIS|PARIS|26|NVS|8775890
8796004|CALAIS|CALAIS|26|NVS|8724851
8796005|LILLE (F)|LILLE (F)|26|NVS|8724852
741A001|STOCKHOLM|STOCKHOLM|26|SWP|74G0111
741A002|GÖTEBORG|GÖTEBORG|26|SWP|74G0112
741A003|MALMÖ|MALMÖ|26|SWP|74G0113
741A070|KARLSTAD|KARLSTAD|26|SWP|74G0114
741A123|RE STERSUND|RE STERSUND|26|SWP|74G0115
741A130|SUNDSVALL|SUNDSVALL|26|SWP|74G0116
741A160|BORLNGE|BORLNGE|26|SWP|74G0117
741A581|UME|UME|26|SWP|74G0118
761A100|OSLO|OSLO|26|SWP|76G0011
861A626|KBENHAVN|KBENHAVN|26|SWP|86G0035
8313508|BENEVENTO CITY|BENEVENTO CITY|26|TRE|8313508
8313509|BOLOGNA CITY|BOLOGNA CITY|26|TRE|8313509
8313510|CATANIA CITY|CATANIA CITY|26|TRE|8313510
8313514|PISA CITY|PISA CITY|26|TRE|8313514
8313515|REGGIO CALABRIA CITY|REGGIO CALABRIA CITY|26|TRE|8313515
8313516|RIMINI CITY|RIMINI CITY|26|TRE|8313516
8313519|ANCONA CITY|ANCONA CITY|26|TRE|8313519
8313520|BARI CITY|BARI CITY|26|TRE|8313520
8313534|CIVITAVECCHIA CITY|CIVITAVECCHIA CITY|26|TRE|8313534
8399001|ROMA CITY|ROMA CITY|26|TRE|8399001
8399002|MILANO CITY|MILANO CITY|26|TRE|8399002
8399003|FIRENZE CITY|FIRENZE CITY|26|TRE|8399003
8399004|GENOVA CITY|GENOVA CITY|26|TRE|8399004
8399005|NAPOLI CITY|NAPOLI CITY|26|TRE|8399005
8399006|VENEZIA CITY|VENEZIA CITY|26|TRE|8399006
8399007|PALERMO CITY|PALERMO CITY|26|TRE|8399007
8399008|TORINO CITY|TORINO CITY|26|TRE|8399008
5196001|KRAKOW|KRAKOW|26|OBB|5132035
5196003|WARSZAWA|WARSZAWA|26|OBB|51G0104
5495403|BRNO|BRNO|26|OBB|5495403
5496001|PRAHA|PRAHA|26|OBB|5423042
8096001|DELITZSCH|DELITZSCH|26|OBB|8082893
8096002|HELGOLAND|HELGOLAND|26|OBB|8002780
8096003|BERLIN|BERLIN|26|OBB|8062648
8096004|JENA|JENA|26|OBB|8036672
8096005|PLAUEN|PLAUEN|26|OBB|80G0124
8096006|SALZGITTER|SALZGITTER|26|OBB|8033859
8096007|PÖßNECK|PÖßNECK|26|OBB|80G0051
8096009|HAMBURG|HAMBURG|26|OBB|8002710
8096010|ELSTERWERDA-|ELSTERWERDA-|26|OBB|80G0134
8096011|HIDDENSEE|HIDDENSEE|26|OBB|8004733
8096012|HANNOVER MESSE|HANNOVER MESSE|26|OBB|8002760
8096014|DÜSSELDORF FLUGHAFEN (DUS)|DÜSSELDORF FLUGHAFE|26|OBB|80G0133
8096016|GROß GERAU-|GROß GERAU-|26|OBB|80G0047
8096017|HERSBRUCK(PEGNITZ)|HERSBRUCK(PEGNITZ)|26|OBB|8002712
8096018|LAUF(PEGNITZ)|LAUF(PEGNITZ)|26|OBB|8002708
8096019|SCHWAIG(B NÜRNBERG)|SCHWAIG(B NÜRNBERG)|26|OBB|8002713
8096020|ESCHWEILER|ESCHWEILER|26|OBB|8085199
8096021|FRANKFURT(MAIN)|FRANKFURT(MAIN)|26|OBB|8002705
8096022|KÖLN|KÖLN|26|OBB|8002775
8096023|KASSEL|KASSEL|26|OBB|8002748
8096025|NÜRNBERG|NÜRNBERG|26|OBB|8022198
8096601|KREUTH AM TEGERNSEE|KREUTH AM TEGERNSEE|26|OBB|8096601
8096602|ROTTACH-EGERN|ROTTACH-EGERN|26|OBB|8096602
8096603|TEGERNSEE|TEGERNSEE|26|OBB|8096603
8096901|FREILASSING (OBERBAYERN)|FREILASSING (OBERBAY|26|OBB|8096901
8096902|LINDAU (BODENSEE)|LINDAU (BODENSEE)|26|OBB|8096902
8096903|FÜSSEN|FÜSSEN|26|OBB|8096903
8096904|SCHÖNAU/KÖNIGSSEE|SCHÖNAU/KÖNIGSSEE|26|OBB|8096904
8096905|BAD REICHENHALL|BAD REICHENHALL|26|OBB|80G0008
8096906|BAYERISCH GMAIN|BAYERISCH GMAIN|26|OBB|8096906
8096907|RAMSAU B.BERCHTESGADEN|RAMSAU B.BERCHTESGAD|26|OBB|8096907
8096908|LAUFEN IN OBERBAYERN|LAUFEN IN OBERBAYERN|26|OBB|8096908
8096909|REIT IM WINKL|REIT IM WINKL|26|OBB|8096909
8096910|MITTENWALD|MITTENWALD|26|OBB|80G0048
8096911|OBERNZELL|OBERNZELL|26|OBB|8096911
8096912|OBERSTDORF|OBERSTDORF|26|OBB|8096912
8096913|UNTERAU B.BERCHTEGSADEN|UNTERAU B.BERCHTEGSA|26|OBB|8096913
8096914|KÖNIGSSEE|KÖNIGSSEE|26|OBB|8096914
8096915|STRUB|STRUB|26|OBB|8096915
8096916|BISCHOFSWIESEN|BISCHOFSWIESEN|26|OBB|8096916
8096917|TITTMONING|TITTMONING|26|OBB|8096917
8096918|PIDING|PIDING|26|OBB|8096918
8096919|OBERAU B.BERCHTESGADEN|OBERAU B.BERCHTESGAD|26|OBB|8096919
8096920|TRAUNSTEIN IN BAYERN|TRAUNSTEIN IN BAYERN|26|OBB|8096920
8096921|MELLECK|MELLECK|26|OBB|8096921
8096922|TEISENDORF|TEISENDORF|26|OBB|8096922
8096924|FRIDOLFING|FRIDOLFING|26|OBB|8096924
8096925|KIRCHANSCHÖRING|KIRCHANSCHÖRING|26|OBB|8096925
8096934|BERCHTESGADEN|BERCHTESGADEN|26|OBB|8096934
8096935|MARKTSCHELLENBERG|MARKTSCHELLENBERG|26|OBB|8096935
8096936|STEINBRÜNNING|STEINBRÜNNING|26|OBB|8096936
8096937|ABTSDORF|ABTSDORF|26|OBB|8096937
8096947|HOLZKIRCHEN IN OBERBAYERN|HOLZKIRCHEN IN OBERB|26|OBB|8096947
8096971|SULZBERG IM ALLGÄU|SULZBERG IM ALLGÄU|26|OBB|8096971
8096973|OBERJOCH|OBERJOCH|26|OBB|8096973
8096987|OBERSTAUFEN|OBERSTAUFEN|26|OBB|8096987
8096988|PASSAU|PASSAU|26|OBB|80G0057
8096989|SIMBACH/INN|SIMBACH/INN|26|OBB|8096989
8096990|BURGHAUSEN (OBERBAYERN)|BURGHAUSEN (OBERBAYE|26|OBB|8096990
8096991|NEUHAUS/INN|NEUHAUS/INN|26|OBB|8096991
8096992|RUHSTORF|RUHSTORF|26|OBB|8096992
8096993|POCKING|POCKING|26|OBB|8096993
8096994|BAD FÜSSING|BAD FÜSSING|26|OBB|8096994
8096995|HARTKIRCHEN (BAYERN)|HARTKIRCHEN (BAYERN)|26|OBB|8096995
8096996|LINDAU (BODENSEE) AESCHACH|LINDAU (BODENSEE) AE|26|OBB|8096996
8096997|LINDAU (BODENSEE) REUTIN|LINDAU (BODENSEE) RE|26|OBB|8096997
8096998|LINDAU (BODENSEE) ENZISWEILER|LINDAU (BODENSEE) EN|26|OBB|8096998
8096999|LINDAU (BODENSEE) OBERREITNAU|LINDAU (BODENSEE) OB|26|OBB|8096999
8097000|LINDAU (BODENSEE) ZECH|LINDAU (BODENSEE) ZE|26|OBB|8097000
8396001|FIRENZE|FIRENZE|26|OBB|8395235
8396002|GENOVA|GENOVA|26|OBB|8324035
8396003|NAPOLI|NAPOLI|26|OBB|8340035
8396004|ROMA|ROMA|26|OBB|83G0308
8396005|MILANO|MILANO|26|OBB|8399002
8396006|TORINO|TORINO|26|OBB|8369198
8396007|IMPERIA|IMPERIA|26|OBB|8396007
8396008|VENEZIA|VENEZIA|26|OBB|83G0309
8398301|BRENNERO/BRENNER|BRENNERO/BRENNER|26|OBB|8398301
8398302|PASSO ROMBO|PASSO ROMBO|26|OBB|8398302
8398304|MALLES/MALS|MALLES/MALS|26|OBB|8398304
8398305|TARVISIO|TARVISIO|26|OBB|8398305
8398306|VIPITENO/STERZING|VIPITENO/STERZING|26|OBB|8398306
8398307|MOSO IN P./MOOS I. P.|MOSO IN P./MOOS I. P|26|OBB|8398307
1170101|Innsbruck|Innsbruck|26|OBB|81G0007
1180207|Bregenz|Bregenz|26|OBB|81G0019
1140101|Linz|Linz|26|OBB|81G0017
1120101|Klagenfurt|Klagenfurt|26|OBB|1120101
1160100|Graz|Graz|26|OBB|1160100
1170920|Mayrhofen|Mayrhofen|26|OBB|1170920
1170923|Ried im Zillertal|Ried im Zillertal|26|OBB|1170923
1180302|Hohenems|Hohenems|26|OBB|1180302
1170930|STRASS IM ZILLERTAL|STRASS IM ZILLERTAL|26|OBB|1170930
1180301|Dornbirn|Dornbirn|26|OBB|1180301
1150619|Saalfelden|Saalfelden|26|OBB|1150619
1150609|Leogang|Leogang|26|OBB|1150609
1170416|ST.JOHANN IN TIROL|ST.JOHANN IN TIROL|26|OBB|1170416
1150101|Salzburg|Salzburg|26|OBB|1150101
1190100|Vienna|Vienna|26|OBB|1190100
5595509|GYÖR|GYÖR|26|OBB|5595509
